word,score
IRATE,4148
ALERT,4147
ALTER,4147
LATER,4147
AROSE,4124
STARE,4117
ARISE,4098
RAISE,4098
LASER,4097
LEARN,4030
RENAL,4030
SANER,4000
SNARE,4000
CATER,3943
CRATE,3943
REACT,3943
TRACE,3943
LEAST,3929
SLATE,3929
STALE,3929
STEAL,3929
CLEAR,3923
TEARY,3914
AISLE,3910
EARLY,3894
LAYER,3894
RELAY,3894
SCARE,3893
ATONE,3889
STORE,3878
EARTH,3874
HATER,3874
HEART,3874
ADORE,3873
ALONE,3869
TRADE,3866
TREAD,3866
LEANT,3862
LOSER,3858
OPERA,3850
AIDER,3847
ALIEN,3843
TAPER,3843
CRANE,3826
SHARE,3824
SHEAR,3824
PALER,3823
PEARL,3823
TENOR,3811
GRATE,3799
GREAT,3799
YEARN,3797
TAMER,3796
PARSE,3793
SPARE,3793
SPEAR,3793
INERT,3785
INTER,3785
GLARE,3779
LAGER,3779
LARGE,3779
REGAL,3779
REALM,3776
LINER,3765
RATIO,3762
SNORE,3761
CLEAT,3755
ECLAT,3755
STERN,3754
SMEAR,3746
BALER,3744
BLARE,3744
SAUTE,3740
RESIN,3735
RINSE,3735
RISEN,3735
SIREN,3735
TRAIL,3735
TRIAL,3735
ROAST,3731
CASTE,3725
OUTER,3719
ROUTE,3719
SOLAR,3711
AFTER,3705
SCALE,3705
STAIR,3705
TAKER,3700
YEAST,3696
STOLE,3690
WATER,3689
AFIRE,3686
LATHE,3686
FERAL,3685
FLARE,3685
ANGER,3682
RANGE,3682
RAMEN,3679
DEALT,3678
DELTA,3678
TRICE,3678
ROUSE,3669
CANOE,3665
OCEAN,3665
ISLET,3664
IDEAL,3659
ENACT,3658
RELIC,3658
HASTE,3656
LEAPT,3655
PETAL,3655
PLATE,3655
PLEAT,3655
SAFER,3655
SCORE,3654
REACH,3650
STEAD,3648
CREST,3647
AVERT,3645
CEDAR,3642
SWEAR,3639
CLEAN,3638
LANCE,3638
TRAIN,3638
LEASH,3636
SHALE,3636
OTHER,3635
ASIDE,3629
PASTE,3625
CAPER,3619
RECAP,3619
ARSON,3614
SONAR,3614
READY,3613
THEIR,3609
METAL,3608
OLDER,3607
SEPIA,3606
LAPSE,3605
TROPE,3604
TRIED,3601
INLET,3597
ONSET,3593
STONE,3593
AGILE,3592
ARGUE,3590
PAYER,3590
REPAY,3590
EMAIL,3589
ANODE,3588
CRONE,3587
SNARL,3587
HORSE,3585
SHORE,3585
IDLER,3581
STAGE,3581
STEAM,3578
TRIPE,3578
BLEAT,3576
TABLE,3576
URINE,3576
GRACE,3575
NOISE,3574
HEARD,3573
CREAM,3572
STEIN,3567
ACUTE,3566
LADEN,3561
NICER,3561
SHIRE,3559
PERIL,3558
PLIER,3558
ACTOR,3557
METRO,3557
POSER,3554
PROSE,3554
SPORE,3554
ENTRY,3551
BASTE,3546
BEAST,3546
GAYER,3546
NURSE,3545
ULTRA,3545
DRAPE,3542
BRACE,3540
ASHEN,3539
PANEL,3538
PENAL,3538
PLANE,3538
CAROL,3537
CORAL,3537
TIGER,3534
EXTRA,3532
MERIT,3531
REMIT,3531
SEDAN,3531
TIMER,3531
RAVEN,3528
SPIRE,3528
HERON,3518
FETAL,3517
CAUSE,3516
SAUCE,3516
AGENT,3514
RELAX,3512
MEANT,3511
DRONE,3510
ROYAL,3508
UTILE,3505
HAREM,3503
TREND,3503
TRIBE,3499
GRADE,3498
HAUTE,3497
DREAM,3495
EATER,3495
TERRA,3495
TREAT,3495
ANGEL,3494
ANGLE,3494
GLEAN,3494
ALIKE,3493
ANIME,3492
RECUT,3488
TRUCE,3488
FEAST,3487
PRONE,3487
DINER,3484
OVATE,3484
CHEAT,3482
SKATE,3482
STAKE,3482
STEAK,3482
TEACH,3482
FARCE,3481
LOUSE,3481
MISER,3481
CREAK,3476
TALON,3476
TONAL,3476
GRAPE,3475
SOBER,3475
SUITE,3475
CADET,3474
ARTSY,3471
REHAB,3471
SATYR,3471
STRAY,3471
SWEAT,3471
WASTE,3471
CRUEL,3468
ULCER,3468
FALSE,3467
CLOSE,3466
FORTE,3466
TAUPE,3466
BEARD,3463
BREAD,3463
DEBAR,3463
LEACH,3462
RADIO,3461
RIPEN,3461
VALET,3457
DECAL,3454
TRIAD,3454
TOWER,3450
WROTE,3450
HOTEL,3447
ERASE,3445
GONER,3443
ACORN,3440
REFIT,3440
SLICE,3440
ALIVE,3438
CURSE,3438
POLAR,3437
WEARY,3436
CHASE,3432
PLACE,3431
TAPIR,3431
TRASH,3431
LOWER,3430
STYLE,3430
GAMER,3428
LUNAR,3428
STAVE,3427
SALON,3426
DELAY,3425
WRITE,3424
OAKEN,3422
CARVE,3421
CRAVE,3421
LITHE,3421
FILER,3420
FLIER,3420
RIFLE,3420
SAINT,3420
SATIN,3420
STAIN,3420
SLANT,3419
ETHOS,3417
REIGN,3417
THOSE,3417
PAUSE,3416
TAKEN,3415
CAIRN,3414
MINER,3414
TILDE,3413
CAMEO,3411
CHORE,3411
RAYON,3411
BORNE,3408
UNITE,3408
UNTIE,3408
SALVE,3407
SLAVE,3407
OVERT,3406
TROVE,3406
VOTER,3406
DEATH,3405
RETCH,3404
CREDO,3403
DECOR,3403
SPACE,3401
SLAIN,3400
SNAIL,3400
SOWER,3400
STRAP,3400
SWORE,3400
WORSE,3400
CLONE,3399
DRAKE,3399
INTRO,3399
BARGE,3396
ANKLE,3395
AMBER,3393
WREST,3393
HEIST,3391
MOLAR,3390
MORAL,3390
SERIF,3390
ERUPT,3388
BEAUT,3387
LOVER,3386
PESTO,3386
RAINY,3385
SKIER,3385
CAMEL,3384
BRINE,3382
RIVET,3380
ABORT,3378
ARENA,3378
CIDER,3377
CRIED,3377
UNSET,3377
MATEY,3375
MEATY,3375
ADEPT,3374
WISER,3374
CREPT,3373
USAGE,3372
AMUSE,3369
MOTEL,3369
OCTAL,3369
SCONE,3369
USHER,3369
SNORT,3368
GRAIL,3367
POISE,3367
SLOPE,3366
SNAKE,3365
SNEAK,3365
ADORN,3363
SLIDE,3363
SCENT,3362
LIVER,3360
SPITE,3360
SLEPT,3359
SPELT,3359
LABOR,3358
DANCE,3357
VERSO,3356
MEALY,3355
SHADE,3355
PEDAL,3354
PLEAD,3354
PRICE,3354
SMART,3353
CABLE,3352
ROGUE,3351
ROUGE,3351
EXALT,3344
SINCE,3343
NAIVE,3341
APRON,3340
NAVEL,3340
NOSEY,3340
SPIEL,3340
ASCOT,3339
COAST,3339
SMOTE,3339
PURSE,3338
SUPER,3338
ABUSE,3337
DRAIN,3337
NADIR,3337
HYENA,3336
FRAME,3334
HORDE,3334
PECAN,3334
OWNER,3333
PHASE,3332
SHAPE,3332
MAKER,3329
AZURE,3324
GRUEL,3324
REPLY,3324
SPADE,3324
FINER,3323
INFER,3323
OLDEN,3322
LEMUR,3321
WAGER,3321
FACET,3313
SMITE,3313
SMELT,3312
GLADE,3310
BRUTE,3309
CRAZE,3309
REBUT,3309
TUBER,3309
MEDIA,3308
CRIME,3307
ELATE,3307
LATTE,3307
MEDAL,3307
BATHE,3303
ABODE,3302
ADOBE,3302
CUTIE,3301
LOATH,3300
OPINE,3300
SHONE,3300
FLORA,3299
BAKER,3297
BRAKE,3297
BREAK,3297
GROAN,3296
ORGAN,3296
SURGE,3294
UNDER,3294
FECAL,3293
INEPT,3293
MANOR,3293
SLIME,3293
SMILE,3293
SERUM,3291
BLUER,3289
GRANT,3289
SHAME,3285
AMPLE,3284
MAPLE,3284
SALTY,3283
ASSET,3277
GRAVE,3277
PRIDE,3277
PRIED,3277
STATE,3277
TASTE,3277
TEASE,3277
ABIDE,3276
TORUS,3276
TRAWL,3276
ABLED,3275
BLADE,3275
SHINE,3274
FLAIR,3273
FRAIL,3273
PRUNE,3271
RACER,3271
GRAIN,3270
PATIO,3270
OMEGA,3267
SNIDE,3266
TIDAL,3266
HOMER,3264
LEAFY,3264
ROACH,3264
SPENT,3262
TOWEL,3262
BARON,3261
LEAKY,3259
REBUS,3259
CHART,3257
EASEL,3257
LEASE,3257
STARK,3257
OTTER,3256
RETRO,3256
FILET,3252
LEMON,3252
MELON,3252
NERDY,3250
SHOAL,3250
TINGE,3249
VALUE,3248
SCARY,3247
ANTIC,3246
STRAW,3246
PLAIT,3243
SHALT,3243
SNIPE,3243
SPINE,3243
STOKE,3243
BRAVE,3242
FORCE,3242
IMAGE,3241
GLEAM,3240
VALOR,3239
CHAIR,3238
FREAK,3238
GROPE,3236
STAID,3236
BRAIN,3235
DIRGE,3233
RIDGE,3233
STORY,3232
ACRID,3230
TRITE,3230
BEGAT,3228
WHEAT,3228
WAFER,3227
COWER,3226
BERTH,3225
GLOAT,3225
WREAK,3222
DECAY,3221
NOBLE,3220
TARDY,3220
SUAVE,3218
ETHIC,3217
DROIT,3215
SCANT,3215
FOYER,3213
RIVAL,3213
VIRAL,3213
SPLAT,3212
AMEND,3210
CLERK,3210
EATEN,3210
GRIPE,3210
OUNCE,3210
EDICT,3209
HAIRY,3209
SAVOR,3209
BAGEL,3208
HOUSE,3208
WHALE,3208
CRASH,3207
PRIME,3207
AMBLE,3205
BLAME,3205
DAIRY,3201
DIARY,3201
PROBE,3201
ESTER,3199
OLIVE,3199
RESET,3199
SINGE,3199
STEER,3199
TERSE,3199
BRIDE,3198
INLAY,3197
PARTY,3197
DREAD,3194
CHOSE,3193
SHORT,3192
INANE,3191
BLOAT,3190
CARGO,3189
SHAKE,3189
STOVE,3188
CRUDE,3187
FIERY,3187
HOARD,3187
CHEST,3186
FLYER,3186
MACRO,3186
NASTY,3186
UNCLE,3183
COVER,3182
OFTEN,3181
DEITY,3180
RISER,3180
SCRAP,3176
SPERM,3176
TOKEN,3176
MURAL,3174
PAPER,3171
PARER,3171
SETUP,3170
UPSET,3170
SCREW,3169
SOLVE,3168
WAVER,3167
SHIRT,3166
COMET,3165
GAZER,3165
GRAZE,3165
HALVE,3164
CIGAR,3163
GRIME,3163
COPSE,3162
SCOPE,3162
FELON,3161
SPORT,3161
BOAST,3160
YIELD,3160
CHEAP,3158
PEACH,3158
SPEAK,3158
MAYOR,3157
PIETY,3157
CAGEY,3154
COBRA,3154
OMBRE,3154
PIANO,3153
HEADY,3152
PULSE,3150
THREW,3150
KNELT,3149
RASPY,3147
SPRAY,3147
SUGAR,3147
FLAME,3146
IRONY,3146
PAINT,3146
PLANT,3145
SCORN,3144
DECRY,3143
MANGE,3143
EXACT,3140
RANCH,3140
FRIED,3139
TWINE,3139
STAND,3138
GUILE,3137
POKER,3137
RALPH,3137
SPICE,3136
DEPOT,3135
ELFIN,3135
STRIP,3135
SHAVE,3134
BLAST,3133
POESY,3133
ENTER,3132
ALOFT,3131
FLOAT,3131
LIKEN,3130
MOUSE,3130
RAPID,3130
SHARD,3130
ZEBRA,3130
SCRAM,3129
BOULE,3128
TANGO,3128
TONGA,3128
AGREE,3127
EAGER,3127
EQUAL,3127
GUEST,3126
PLAIN,3126
POWER,3126
NORTH,3125
THORN,3125
REARM,3124
WEIRD,3123
WIDER,3123
FRESH,3116
BASIL,3114
FABLE,3114
KNEAD,3114
STORM,3114
HOVER,3113
INNER,3113
ORBIT,3113
BEGAN,3111
AORTA,3109
BLEAK,3109
TAROT,3109
TEPID,3109
ALONG,3108
GUISE,3107
SHARP,3107
RHINO,3106
DROVE,3105
EXTOL,3105
RANDY,3103
COURT,3102
GIANT,3102
OVINE,3102
NOVEL,3101
NICHE,3100
SHREW,3100
FORGE,3098
GOFER,3098
HONEY,3097
BATON,3093
BROIL,3093
REBAR,3092
CROAK,3090
SHIED,3090
GAVEL,3089
PLIED,3089
SINEW,3089
SWINE,3089
CRAFT,3088
PRUDE,3087
ABHOR,3085
AUDIO,3084
ALOUD,3083
CURIO,3083
TIARA,3083
TRACK,3083
TRAIT,3083
ALIGN,3082
ALTAR,3082
PROVE,3082
SNEER,3082
ABOVE,3081
PERCH,3080
BEACH,3079
DIVER,3079
DRIVE,3079
MOWER,3079
TRAMP,3079
AUDIT,3077
BOARD,3077
BROAD,3077
ADULT,3076
MASON,3075
SHORN,3075
STOIC,3074
EIGHT,3073
MERCY,3073
GRIEF,3072
ANGST,3071
LODGE,3071
LATCH,3069
STALK,3069
MODEL,3068
PRINT,3068
HAVEN,3067
FORAY,3066
TEMPO,3065
FLUTE,3062
AWOKE,3061
MARSH,3060
SCALY,3059
SPIED,3059
TODAY,3059
WAIST,3059
BROKE,3058
BUYER,3056
UNMET,3056
VIPER,3056
ALLEY,3054
TWEAK,3054
CEASE,3053
CRAWL,3052
HAZEL,3052
SCOUR,3052
START,3052
VIOLA,3052
VOILA,3052
BRAID,3051
HYPER,3051
RABID,3051
SLANG,3051
FLAKE,3050
EXIST,3049
CLEFT,3047
CHAOS,3046
TRULY,3046
CRUST,3045
GLIDE,3045
URBAN,3045
VITAL,3045
WARTY,3043
BEADY,3042
ELITE,3042
TITLE,3042
CYBER,3041
DEMUR,3040
FAIRY,3040
PINEY,3040
TRUER,3040
UTTER,3040
LUNGE,3039
GROVE,3038
SCARF,3038
BRIEF,3037
FIBER,3037
FIBRE,3037
ANGRY,3036
LUMEN,3036
MOVER,3035
HEATH,3034
THETA,3034
CORER,3032
FETUS,3032
GRASP,3032
TWICE,3032
GROIN,3031
DEBIT,3030
BRASH,3028
MINOR,3028
AUNTY,3027
CHUTE,3027
FLIRT,3027
PHONE,3026
ERECT,3025
ESSAY,3024
FROST,3023
MINCE,3022
SALVO,3021
CHAFE,3020
PURGE,3020
RULER,3020
CLASH,3019
IMPEL,3019
MONEY,3019
LEFTY,3018
LOOSE,3018
STORK,3018
TORCH,3018
AWARE,3017
BASIN,3017
RUSTY,3016
VISTA,3015
COVET,3014
DAILY,3013
GIVER,3012
LYRIC,3012
DRAFT,3011
SCALD,3011
SLEET,3011
STEEL,3011
TWIRL,3011
HASTY,3010
APTLY,3009
VICAR,3009
FAINT,3008
TONIC,3007
WORST,3007
CRIER,3006
LADLE,3006
OVARY,3006
HOIST,3005
ASKEW,3004
PILOT,3004
RHYME,3004
SLOTH,3004
COUPE,3003
WRATH,3003
ABOUT,3001
GOLEM,3001
CHOIR,2999
CLUED,2999
FIRST,2997
EYING,2996
RETRY,2996
ROBIN,2996
SURLY,2996
UNLIT,2995
UNTIL,2995
VOICE,2995
CLOVE,2994
SKIRT,2992
VEGAN,2992
SNOUT,2991
REUSE,2990
SURER,2990
ADOPT,2988
CLASP,2988
EVICT,2988
FINAL,2988
GRAND,2988
SCALP,2988
BONEY,2987
EBONY,2987
HAUNT,2987
SOAPY,2986
APPLE,2983
DAISY,2983
LAPEL,2983
DECOY,2982
SADLY,2982
WRIST,2981
WAIVE,2980
DAUNT,2979
LURID,2979
PASTY,2979
PATSY,2979
THIEF,2979
GLAZE,2977
SOLID,2977
LEERY,2976
CRESS,2975
DRAWL,2975
MAIZE,2975
SCREE,2975
POSIT,2974
TUBAL,2974
KEFIR,2973
CHANT,2972
CLAIM,2972
MAYBE,2972
STANK,2972
DEMON,2971
FETID,2971
GLOBE,2969
LOAMY,2969
WHOLE,2969
BIOME,2967
CRANK,2966
CURVE,2966
DERBY,2964
SHARK,2964
AMITY,2963
WHITE,2963
DOWEL,2961
SPEND,2961
SWIRL,2961
AGATE,2959
INCUR,2959
PALSY,2959
GROUT,2958
SCION,2957
SONIC,2957
CHARD,2956
DICEY,2956
ETHER,2956
FRONT,2956
HINGE,2956
MATTE,2956
NEIGH,2956
THERE,2956
THREE,2956
DIRTY,2955
ERODE,2955
ODDER,2955
ORDER,2955
RODEO,2955
TUMOR,2955
DWELT,2954
SPOIL,2954
BRAND,2953
CHAIN,2953
CHINA,2953
FIELD,2951
DEIGN,2948
DETER,2948
SPILT,2947
SPLIT,2947
STONY,2947
GAILY,2946
DENIM,2945
SPURT,2945
GRAFT,2944
PRIZE,2944
VISOR,2944
BILGE,2943
WHILE,2943
BLAZE,2942
PLAID,2942
CORNY,2941
CRONY,2941
ALGAE,2939
EAGLE,2939
LEGAL,2939
WHOSE,2939
VAPOR,2935
WIELD,2935
SPARK,2933
HEAVY,2931
DRIED,2929
DRIER,2929
RIDER,2929
ANVIL,2928
ELDER,2928
FLESH,2928
NOISY,2928
SHELF,2928
BADGE,2927
HARDY,2927
MOIST,2927
HOVEL,2925
LINEN,2925
SLURP,2925
ABATE,2924
SHEIK,2924
RERUN,2923
TURBO,2923
AFOUL,2922
PANIC,2922
QUART,2922
ALLOT,2921
ATOLL,2921
MICRO,2921
MODAL,2921
NOOSE,2921
TOTAL,2921
EPOCH,2919
GUANO,2919
SPOKE,2919
VIDEO,2918
CHIDE,2916
ADMIT,2915
FAULT,2915
THIRD,2915
WINCE,2915
CLOUT,2914
TENSE,2914
BLEND,2912
GAUNT,2912
WELSH,2912
CRISP,2911
BASIC,2910
QUOTE,2908
ROUND,2908
FOCAL,2907
PINTO,2907
POINT,2907
MASSE,2906
PIPER,2906
RIPER,2906
SHEER,2906
LEPER,2905
REPEL,2905
GNOME,2904
HARPY,2904
LABEL,2904
CLOAK,2902
DUNCE,2902
SWEPT,2901
VAGUE,2900
DRESS,2898
COVEN,2897
MAUVE,2897
BLURT,2896
GUARD,2896
SHOVE,2895
GLORY,2894
KNAVE,2893
SPIKE,2893
DEVIL,2891
HABIT,2891
TOAST,2891
BOXER,2890
SWORN,2890
DRANK,2889
EXULT,2889
GORGE,2888
ROGER,2888
APNEA,2886
CHARM,2886
MARCH,2886
NEWLY,2885
SANDY,2885
SCOUT,2884
DOPEY,2882
QUIET,2882
QUITE,2882
EGRET,2881
GREET,2881
FEMUR,2879
CARAT,2878
DRAWN,2878
METER,2878
TRACT,2878
CLANG,2877
PERKY,2877
AGONY,2875
MANIC,2875
PRESS,2875
SPREE,2875
SWARM,2875
ABASE,2874
BRAWL,2873
RURAL,2873
HORNY,2872
SMOKE,2872
LASSO,2871
BLOKE,2870
SAUCY,2870
BACON,2869
BEFIT,2869
ENVOY,2868
GIRLY,2868
TANGY,2868
BURST,2866
PRANK,2866
STACK,2865
ENDOW,2864
LOCUS,2864
OCTET,2864
STALL,2864
INGOT,2863
PANSY,2862
STAMP,2861
BELOW,2859
BOWEL,2859
CIRCA,2859
ELBOW,2859
BRAVO,2856
GUIDE,2856
CRAMP,2855
PRAWN,2855
VAULT,2855
FIEND,2854
TULLE,2852
QUEST,2851
GLOVE,2850
CAPUT,2849
RATTY,2849
GIRTH,2848
MOVIE,2848
RIGHT,2848
VOCAL,2847
BEGIN,2846
BEING,2846
BERET,2846
BINGE,2846
CHIME,2846
WHINE,2846
FELLA,2845
MANLY,2845
MIRTH,2845
SLACK,2845
CELLO,2844
FLOUR,2844
CABIN,2843
LINGO,2843
LOGIN,2843
TROLL,2843
AXION,2842
ZONAL,2842
PSALM,2841
DEBUT,2840
BROTH,2839
ENEMA,2839
THROB,2839
FRUIT,2838
MEDIC,2838
MOURN,2838
WIDEN,2838
ELECT,2837
FOIST,2836
GLINT,2836
THYME,2836
YACHT,2836
DEPTH,2835
LOUSY,2835
GRUNT,2834
FAITH,2832
FROZE,2832
CLOTH,2830
PLUME,2829
RALLY,2829
CRASS,2828
LUSTY,2828
SPURN,2828
BRIBE,2827
GONAD,2827
REBEL,2826
DETOX,2824
NOMAD,2824
RARER,2823
CURLY,2822
CAVIL,2821
PRIMO,2821
FORTY,2820
TRICK,2818
COUNT,2817
JOKER,2816
QUERY,2816
RECUR,2816
ZESTY,2816
SHOUT,2815
SOUTH,2815
BELCH,2813
BIRTH,2813
ROOST,2813
TORSO,2813
CACHE,2810
ARDOR,2808
PREEN,2808
STING,2806
EMPTY,2805
FIXER,2805
OXIDE,2805
ISSUE,2803
FRAUD,2802
POLKA,2802
HOTLY,2801
SHAFT,2801
GLAND,2800
OPTIC,2800
TOPIC,2800
BRUNT,2799
BURNT,2799
ADMIN,2798
SIGMA,2798
TAINT,2798
TITAN,2798
FAVOR,2797
NATAL,2797
OFFER,2794
WOMEN,2794
RUMBA,2791
TUNIC,2791
UMBRA,2791
BUSED,2790
GRAPH,2789
GAUZE,2788
SAVOY,2788
TULIP,2788
FEIGN,2787
HELIX,2786
SLING,2786
LEAVE,2785
SWATH,2785
VALVE,2785
SPOUT,2784
BICEP,2783
EKING,2782
LURCH,2782
RADII,2782
FLASH,2781
FORTH,2780
FROTH,2780
PEACE,2779
APART,2778
APING,2778
BISON,2778
CLANK,2778
CROUP,2778
GNASH,2778
ROWER,2778
TESTY,2778
WOOER,2778
BRAWN,2776
CHOKE,2776
HELLO,2775
FETCH,2774
DISCO,2773
SCOLD,2772
AVOID,2771
TITHE,2769
WAXEN,2769
DIODE,2768
SNAFU,2768
MOULT,2767
SPRIG,2767
BLAND,2765
MAJOR,2765
PATCH,2765
PIOUS,2765
SHAWL,2765
GENRE,2764
GREEN,2764
PRISM,2764
THROW,2764
WORTH,2764
UNITY,2762
COVEY,2761
QUOTA,2761
HARSH,2759
NUDGE,2758
TAWNY,2758
VAUNT,2758
AMONG,2757
MANGO,2757
CHIEF,2755
PIXEL,2755
BUGLE,2753
BULGE,2753
CRUSH,2752
SUMAC,2752
WRECK,2752
IMBUE,2751
GAUGE,2750
PAYEE,2750
VENOM,2750
LANKY,2749
BAYOU,2748
SNACK,2748
AGLOW,2747
NASAL,2747
DRIFT,2746
ENJOY,2745
HEFTY,2745
ELOPE,2744
GUILT,2744
VALID,2744
BORAX,2743
FLINT,2742
AGORA,2741
ELIDE,2741
IVORY,2741
DONUT,2740
GUSTO,2740
VOWEL,2740
RISKY,2739
RUDER,2739
UDDER,2739
ARMOR,2738
AROMA,2738
SHEET,2738
THESE,2738
WELCH,2738
BRINY,2736
ENNUI,2736
LOGIC,2736
WORLD,2736
TRUNK,2735
ROVER,2734
AHEAD,2733
NOTCH,2733
CHEER,2732
MECCA,2732
STEED,2730
THANK,2729
FRANK,2728
VIRUS,2728
CRYPT,2727
GIVEN,2727
PRONG,2726
DATUM,2725
MACHO,2725
MOCHA,2725
CREED,2724
GRIND,2723
DUVET,2721
NIECE,2721
SEWER,2721
SCUBA,2720
HYMEN,2719
SNAKY,2719
EDIFY,2718
MATCH,2718
SHELL,2718
WHIRL,2718
CHORD,2717
TOTEM,2717
BENCH,2716
CROWN,2716
LAUGH,2716
PUREE,2716
PURER,2716
RUPEE,2716
UPPER,2716
QUAIL,2715
POSSE,2714
TIPSY,2714
PROWL,2713
ALARM,2711
CANDY,2711
BUILT,2709
SHADY,2709
DOZEN,2708
RIVER,2708
LEVER,2707
REVEL,2707
STEEP,2707
STINK,2707
ARBOR,2706
SWORD,2706
ENSUE,2705
SQUAT,2704
CREEP,2701
CREPE,2701
GECKO,2701
PROUD,2701
SHIRK,2699
WOKEN,2698
LOCAL,2697
DRYER,2695
REEDY,2695
MIDGE,2694
PORCH,2694
SYRUP,2692
ATTIC,2691
CACTI,2691
FLUME,2691
INPUT,2691
SHUNT,2691
TACIT,2691
SCENE,2690
SOUND,2690
HYDRO,2688
KNIFE,2688
SPECK,2688
SWAMI,2688
SLEEP,2687
SLINK,2687
SPELL,2687
BATCH,2686
CAULK,2686
CHURN,2685
QUASI,2685
GRASS,2684
INDEX,2681
BRIAR,2680
QUAKE,2680
RABBI,2680
SHANK,2679
PLANK,2678
SERVE,2677
SEVER,2677
VERSE,2677
FLOUT,2676
LIEGE,2674
SCRUM,2674
ABBEY,2671
ILIAC,2671
LILAC,2671
TENTH,2671
GOOSE,2670
MOUNT,2670
APHID,2669
GROWL,2669
ALLOY,2668
CHASM,2668
CHIRP,2668
LOYAL,2668
CLAMP,2667
MOOSE,2667
ROUGH,2665
UNFED,2664
CRAZY,2663
HUMOR,2662
TACKY,2662
MADLY,2661
TALLY,2661
VOGUE,2661
LIGHT,2660
PESKY,2659
ADAGE,2658
BETEL,2658
GAMUT,2658
GOURD,2657
BEGUN,2656
GHOST,2656
JUICE,2656
FROND,2655
THRUM,2655
TOPAZ,2655
USUAL,2655
CREME,2654
NEWER,2654
RENEW,2654
TROUT,2654
TUTOR,2654
JOIST,2653
WAGON,2650
BRASS,2649
SPANK,2648
UNWED,2648
SLIMY,2647
WOMAN,2647
SYNOD,2646
INDIE,2644
SIEGE,2644
BURLY,2643
TWANG,2643
WOVEN,2643
HANDY,2642
SCRUB,2642
TOUCH,2641
WENCH,2641
CLASS,2640
SMELL,2640
BELIE,2639
BIBLE,2639
DROWN,2639
LIBEL,2639
AMPLY,2638
WHELP,2638
SCAMP,2637
SPAWN,2637
AGAPE,2635
JAUNT,2635
JUNTA,2635
OBESE,2635
GROUP,2634
LOFTY,2632
ARROW,2631
GRAVY,2631
TASTY,2631
SIGHT,2630
BADLY,2629
BESET,2628
SHINY,2628
TRUCK,2628
SMITH,2627
STOCK,2626
VIGOR,2626
CARRY,2625
MERRY,2625
STOOL,2625
DRINK,2624
MAGIC,2624
TRUMP,2624
STOMP,2622
BRING,2621
FRIAR,2621
SHEEN,2621
SMIRK,2621
COLOR,2619
MIDST,2619
HUMAN,2616
STUNG,2616
EXERT,2614
CLOUD,2613
COULD,2613
DENSE,2613
CLING,2612
YOUTH,2612
BLUNT,2611
SALLY,2611
WATCH,2611
NERVE,2610
NEVER,2610
BLESS,2608
SHRUG,2608
TAUNT,2608
FLASK,2607
WRACK,2605
ALBUM,2603
TYING,2603
CHALK,2602
CANON,2600
MINTY,2600
STICK,2600
BLANK,2599
FLEET,2599
STILL,2599
STILT,2599
SPINY,2597
STRUT,2597
SUING,2597
TRUSS,2597
TRUST,2597
USING,2597
SLUNG,2596
TOXIN,2596
FLUKE,2595
SCOWL,2595
WEIGH,2595
MINUS,2594
BERRY,2593
ROCKY,2591
STASH,2591
CRIMP,2590
LORRY,2590
BIRCH,2589
BRISK,2589
CROSS,2589
THONG,2589
ANNUL,2588
AXIOM,2588
BONUS,2588
LUCID,2587
JOINT,2586
MONTH,2586
CYCLE,2584
ERROR,2584
LYING,2583
POUTY,2581
FLECK,2580
GREED,2580
SLICK,2580
BIGOT,2577
GENIE,2577
ANNEX,2575
HAVOC,2574
NOBLY,2574
BRUSH,2573
CANAL,2573
DOGMA,2573
SHRUB,2573
GROWN,2572
SHACK,2572
WRONG,2572
ANNOY,2571
ETUDE,2571
ITCHY,2571
SHALL,2571
SLASH,2571
FILTH,2566
NIGHT,2563
SALAD,2563
THING,2563
DINGO,2562
DOING,2562
LARVA,2560
PASTA,2560
SORRY,2560
BALMY,2559
CREEK,2558
EERIE,2558
EQUIP,2558
PIQUE,2558
SAUNA,2558
HARRY,2556
JERKY,2556
LIMBO,2554
SWEET,2553
TRYST,2553
UNFIT,2553
ELUDE,2551
SILKY,2551
FANCY,2550
EPOXY,2548
DUSTY,2547
MORPH,2547
STUDY,2547
WRING,2546
BREED,2545
LEECH,2544
SLEEK,2544
SEMEN,2543
SHAKY,2543
DROLL,2542
DROOL,2542
WHARF,2541
FLANK,2540
TROOP,2539
ABBOT,2538
TABOO,2538
BROWN,2537
SHIFT,2536
FERRY,2534
DWARF,2533
SWELL,2533
CROWD,2532
FRISK,2530
CLOWN,2528
FOAMY,2527
TEDDY,2527
BLOND,2526
AUGUR,2525
PARRY,2525
DITCH,2523
BRINK,2522
PRIOR,2520
REVUE,2518
GRIMY,2517
STUNK,2517
DRILL,2516
MOTIF,2515
CHESS,2514
PIECE,2514
CLINK,2513
DROSS,2512
HEAVE,2512
TIBIA,2512
GOUGE,2511
MERGE,2510
EVADE,2504
PETTY,2504
CHILD,2503
DOWRY,2503
ROWDY,2503
WORDY,2503
PIVOT,2502
STINT,2502
BLIND,2500
PITCH,2500
GAFFE,2497
LUNCH,2497
MANGY,2497
OUGHT,2497
SLUNK,2497
TOUGH,2497
GLASS,2496
AMISS,2494
MOUTH,2494
PRICK,2494
SMACK,2494
FORUM,2493
SMALL,2493
ALIBI,2492
BLACK,2492
MOTOR,2492
SIEVE,2490
SPICY,2490
TOXIC,2489
MUSIC,2487
DEFER,2486
FREED,2486
GUSTY,2480
AFOOT,2479
FROWN,2478
MARRY,2478
WHERE,2478
GHOUL,2477
KNEEL,2477
KNELL,2477
MUSTY,2477
SEEDY,2477
RIGOR,2476
EMBER,2475
GAUDY,2475
RAZOR,2475
EVERY,2474
WALTZ,2474
BUDGE,2472
DEBUG,2472
PITHY,2471
BUTTE,2469
QUILT,2469
SNOWY,2469
GOOEY,2467
PLUSH,2464
THINK,2464
JOUST,2463
BASIS,2462
BALSA,2461
BASAL,2461
BINGO,2460
ROBOT,2460
VIXEN,2460
ALOOF,2459
OFFAL,2459
CATTY,2457
KEBAB,2457
QUARK,2455
VOMIT,2455
DOUBT,2454
GUESS,2454
KOALA,2454
SEGUE,2454
UNDUE,2454
HONOR,2453
LYNCH,2453
BYLAW,2452
FATAL,2452
GRILL,2449
BANJO,2448
BOTCH,2447
HENCE,2447
HOUND,2447
DONOR,2445
GROSS,2445
OPIUM,2444
ALLOW,2443
GUILD,2443
EVENT,2442
ELEGY,2440
LEGGY,2440
VAPID,2440
AWAIT,2437
AWFUL,2437
STOUT,2436
DRUNK,2434
FLACK,2433
FLAIL,2433
AGAIN,2430
AGING,2430
DRAMA,2430
OCCUR,2430
SHOWN,2429
VINYL,2429
MANIA,2427
GODLY,2425
COACH,2424
CLUNG,2422
FOCUS,2422
MOLDY,2422
STAFF,2422
CUMIN,2420
YOUNG,2420
DODGE,2419
CATCH,2417
HATCH,2417
THEME,2417
MODEM,2416
PENCE,2416
POUND,2416
BRICK,2415
SHEEP,2414
FRITZ,2413
FUDGE,2413
CRACK,2411
QUASH,2411
NEEDY,2410
PRIVY,2410
STUCK,2410
BUILD,2408
EXILE,2407
SPEED,2406
STUMP,2406
BELLY,2405
FLAKY,2404
SIXTY,2403
SQUAD,2403
CRUMP,2400
MOGUL,2399
QUEER,2397
DIMLY,2396
FICUS,2396
JUNTO,2396
BANAL,2394
CHAMP,2394
LEDGE,2392
SEVEN,2392
SOOTY,2392
PENNY,2387
SLUMP,2386
BLUSH,2385
OWING,2385
PINCH,2383
SWAMP,2383
AWAKE,2382
FROCK,2382
FLOOR,2381
PUPAL,2381
PHONY,2380
SEIZE,2378
DITTO,2375
IDIOT,2375
MORON,2375
FLING,2374
AVAIL,2373
IMPLY,2373
VILLA,2373
MOUND,2369
QUALM,2363
SIXTH,2363
SULKY,2361
DALLY,2360
VERGE,2359
WOULD,2359
BLEED,2357
PATTY,2357
THICK,2357
WRUNG,2356
FRILL,2355
TRUTH,2354
SHOOT,2352
SOOTH,2352
SWIFT,2351
KRILL,2350
UNION,2350
BLOWN,2349
FLUID,2349
DEUCE,2347
COMMA,2346
GIPSY,2346
SILLY,2346
WITCH,2346
STOOD,2344
CANNY,2340
ENEMY,2340
APPLY,2337
BOUND,2337
OZONE,2337
CONIC,2335
IONIC,2335
BLEEP,2334
BLINK,2334
COLON,2334
DUTCH,2333
SHOCK,2333
SLOSH,2332
SWING,2328
DRUID,2327
WEAVE,2327
FLUSH,2326
THEFT,2326
AWARD,2323
CLIMB,2323
PROXY,2323
VODKA,2323
AMAZE,2322
CRUMB,2321
STOOP,2321
CURVY,2320
POUCH,2317
STUNT,2312
PARKA,2311
BEGET,2310
ADAPT,2309
FEWER,2309
MIGHT,2309
SAPPY,2307
NYLON,2305
DINGY,2302
DYING,2302
TWEED,2302
SLOOP,2301
SPOOL,2301
UNIFY,2300
ALPHA,2297
RUGBY,2295
GAYLY,2293
SHOWY,2293
SNUCK,2293
TENET,2292
FLOWN,2290
WHEEL,2290
IGLOO,2288
CABAL,2287
BLITZ,2284
FISHY,2283
RUMOR,2283
DRYLY,2282
DWELL,2282
BATTY,2278
FENCE,2278
FOUND,2278
LIMIT,2278
TABBY,2278
AVIAN,2276
NAVAL,2275
SPILL,2275
COUGH,2273
USURP,2273
WIDTH,2269
FEVER,2265
KARMA,2264
DANDY,2263
GASSY,2263
WOUND,2262
AXIAL,2260
NINTH,2259
GLOSS,2257
SMOCK,2255
BLOCK,2253
SPIKY,2247
GULCH,2246
FINCH,2245
MULCH,2243
BOOST,2242
SENSE,2242
ROOMY,2239
DELVE,2238
DROOP,2238
WISPY,2236
FILMY,2235
VENUE,2233
BUTCH,2231
PUSHY,2231
JUDGE,2230
MILKY,2230
SWEEP,2229
WINCH,2229
ABYSS,2228
MURKY,2228
SMOKY,2226
BLURB,2224
BLIMP,2223
CLACK,2223
PLUNK,2223
QUOTH,2222
SMASH,2220
FATTY,2219
TAFFY,2219
DOWNY,2218
FIGHT,2218
CLUMP,2212
EJECT,2212
QUELL,2209
SNOOP,2204
SPOON,2204
EXCEL,2202
WIGHT,2202
WHINY,2200
COYLY,2198
BLISS,2196
DOUGH,2196
KNEED,2196
FLOCK,2194
FOLIO,2194
INBOX,2193
PUNCH,2193
SPUNK,2193
FUROR,2192
SALSA,2192
WINDY,2192
GOING,2191
ROTOR,2191
QUIRK,2190
SPASM,2189
LUCKY,2187
FUNGI,2185
OUTDO,2185
FLUNG,2184
MUSHY,2184
WACKY,2184
JETTY,2183
LUMPY,2183
UVULA,2183
PUBIC,2181
PINKY,2180
ARRAY,2177
CROCK,2172
CROOK,2172
ICILY,2172
BAWDY,2171
CURRY,2170
FLICK,2168
RIGID,2168
HUMID,2167
MAMBO,2167
RAJAH,2164
FLOSS,2163
JELLY,2163
THUMP,2163
BEECH,2161
BROOD,2159
KIOSK,2159
STIFF,2157
CADDY,2156
SULLY,2156
KHAKI,2155
NINJA,2153
BUSHY,2152
HITCH,2152
CRICK,2146
FAUNA,2146
MUNCH,2146
WHACK,2144
TODDY,2141
TWIST,2141
SWUNG,2138
UNCUT,2138
BEVEL,2136
CHILI,2132
CHILL,2132
SKILL,2132
WORRY,2132
HOLLY,2129
RADAR,2129
SKIMP,2129
FJORD,2127
KNACK,2126
PAGAN,2125
GROOM,2124
DOLLY,2121
ODDLY,2121
SWILL,2121
HEDGE,2119
VOUCH,2119
OUTGO,2118
SHUCK,2117
SUSHI,2117
PLUCK,2116
PUPIL,2116
SLUSH,2116
TEETH,2116
DITTY,2115
FREER,2115
REFER,2115
BUNCH,2114
AWASH,2113
SWASH,2113
QUEEN,2112
NUTTY,2109
SAVVY,2109
WRYLY,2105
HILLY,2103
PIXIE,2103
EXPEL,2102
FANNY,2102
GLYPH,2102
HURRY,2101
EVOKE,2099
LYMPH,2099
LOOPY,2098
POLYP,2098
CHECK,2097
CHEEK,2097
SCOOP,2097
VISIT,2097
DILLY,2095
IDYLL,2095
BOUGH,2094
RUDDY,2093
KNOLL,2091
BROOM,2089
HUSKY,2088
FLUNK,2085
LUPUS,2085
TEPEE,2085
THUMB,2084
MAFIA,2082
COMIC,2081
VYING,2081
DUCHY,2080
DUSKY,2080
MANGA,2078
PHOTO,2078
PROOF,2077
CYNIC,2075
PICKY,2073
SHYLY,2072
HAPPY,2064
QUACK,2063
CONCH,2061
HIPPO,2059
SUNNY,2059
COMFY,2057
UNZIP,2057
PADDY,2056
VERVE,2055
CABBY,2054
GOLLY,2054
CONDO,2053
WHISK,2053
BOOZE,2051
CHUNK,2050
SWOON,2050
WEEDY,2049
CACAO,2045
COCOA,2045
FUGUE,2042
HOWDY,2042
UNDID,2042
GAWKY,2040
SNIFF,2040
BOOTY,2039
SQUIB,2036
CINCH,2035
FORGO,2033
PLUMB,2033
BEZEL,2024
LIPID,2024
SOGGY,2024
HUNKY,2021
MOSSY,2021
LOBBY,2019
MELEE,2018
GUMBO,2016
BITTY,2013
JUICY,2010
MUSKY,2010
JUROR,2009
TATTY,2009
BULKY,2008
THIGH,2008
TIGHT,2008
EMBED,2006
IDIOM,2004
NYMPH,2002
DIGIT,2000
BOOTH,1999
TIMID,1997
MISSY,1995
BILLY,1993
BROOK,1993
GEEKY,1993
GEESE,1991
ALLAY,1989
BOSSY,1989
BELLE,1986
CLOCK,1984
GIZMO,1975
BLOOD,1971
COUCH,1969
PENNE,1968
STUFF,1967
BEEFY,1963
CLIFF,1963
HUTCH,1962
FOLLY,1960
ICING,1960
ASSAY,1959
SASSY,1959
SCOFF,1959
CLICK,1958
PIZZA,1957
PLAZA,1956
CHAFF,1955
FIFTY,1954
KITTY,1949
LOWLY,1944
WOOLY,1944
SKULK,1942
SKULL,1942
CHUMP,1939
MYRRH,1939
JEWEL,1938
WITTY,1938
GLOOM,1936
FILLY,1934
WEDGE,1934
FURRY,1932
TWEET,1931
PAPAL,1918
WILLY,1918
WIMPY,1915
FIFTH,1914
FLOOD,1912
BAGGY,1910
MAXIM,1909
DULLY,1905
PUDGY,1905
CIVIL,1903
DUMPY,1902
PUTTY,1902
BLOOM,1901
WIDOW,1897
NANNY,1892
KNOCK,1887
ONION,1887
SHOOK,1885
HUSSY,1883
PULPY,1882
BOSOM,1871
LLAMA,1871
LEVEL,1867
MACAW,1861
SPOOF,1859
POOCH,1854
SPOOK,1854
OVOID,1853
FUNKY,1852
SNUFF,1850
SWISH,1848
HUNCH,1845
SKUNK,1845
SWOOP,1843
AMASS,1841
ABACK,1840
KAZOO,1840
GULLY,1838
MUCKY,1836
GUAVA,1835
MUCUS,1834
CUBIC,1833
KINKY,1832
LIVID,1826
AFFIX,1818
GRUFF,1817
EMCEE,1814
BONGO,1807
BULLY,1803
HIPPY,1799
QUICK,1798
QUILL,1797
TIZZY,1782
JOLLY,1777
DODGY,1773
GOODY,1773
MOODY,1770
CLUCK,1768
HUMUS,1765
PLUMP,1764
VIGIL,1759
BUXOM,1749
GIDDY,1747
HOBBY,1746
FULLY,1744
JUMBO,1739
TOOTH,1730
PIGGY,1724
FUSSY,1714
BIDDY,1712
CHOCK,1711
DADDY,1708
BUNNY,1706
SISSY,1694
GYPSY,1693
SLYLY,1693
SKIFF,1690
CHICK,1685
WHICH,1674
DOWDY,1663
WOODY,1663
MOTTO,1652
FUNNY,1647
MAMMY,1638
KNOWN,1633
NINNY,1627
FOGGY,1612
GOOFY,1612
WHOOP,1600
BLUFF,1594
MADAM,1590
FEMME,1576
JUMPY,1558
QUEUE,1557
TWIXT,1556
DUMMY,1554
MUDDY,1554
KAYAK,1542
GUPPY,1534
GAMMA,1523
MAGMA,1523
BUDDY,1522
MINIM,1509
CHUCK,1495
HUMPH,1491
GUMMY,1487
DIZZY,1481
KAPPA,1471
SHUSH,1464
BUGGY,1455
POPPY,1446
PUFFY,1440
WHIFF,1436
BOOZY,1405
JAZZY,1402
MIMIC,1402
MOMMY,1399
PYGMY,1372
BOBBY,1367
BOOBY,1367
WOOZY,1330
FLUFF,1325
FIZZY,1320
JIFFY,1309
CIVIC,1251
PUPPY,1230
MAMMA,1219
MUMMY,1183
VIVID,1174
FUZZY,1130
